GDP,Unemployment Rate,Inflation Rate,Foreign Debt,Government Spending,Military Spending,Education Spending,Health Spending,Environment Spending,Technology Investment,Internet Penetration,Energy Production,Energy Consumption,Pollution Level,Population,Urbanization Rate,Political Stability,Human Development Index,Public Trust,Freedom of Press,Corruption Index,Military Power,Alliances,Environmental Quality,Natural Resources Availability,Trade Balance,Public Health,Democracy Index,Technology Adoption Rate,Cultural Influence,Global Trade Index,Major Political Actions,Economic Policy Adjustment,Military Activity,Diplomatic Policy Change,Social Policy and Welfare Reform,Environmental and Energy Policy,Technology and Innovation Strategy,Public Health and Safety Policy,Major Political Actions - Future,Economic Policy Adjustment - Future,Military Activity - Future,Diplomatic Policy Change - Future,Social Policy and Welfare Reform - Future,Environmental and Energy Policy - Future,Technology and Innovation Strategy - Future,Public Health and Safety Policy - Future
15001.71,5.06,2.47,498.69,1198.58,198.33,100.83,149.66,49.86,300.54,76.88,1199.83,1151.64,14.81,999999999.7,71.24,7.93,0.8,63.53,70.42,40.79,999.3,4.54,76.62,121.19,11.9,86.93,7.12,0.61,49.6,0.7,-1.2,-1.07,0,0.58,0.54,0.57,0,0,-1.2,-1.07,0,0.58,0.54,0.57,0,0
15001.26,5.11,2.44,500.6,1200.47,199.98,100.41,151.33,50.71,301.74,77.63,1201.59,1152.84,15.84,999999999.7,71.42,8.33,0.79,64.39,72.41,41.39,998.38,5.15,78.38,122.96,13,88.79,7.11,0.61,49.19,0.69,-1.2,-1.07,0,0.58,0.54,0.57,0,0,0.62,0.57,-1.01,-1.43,0.72,0.68,0.63,0.95
14999.5,5.11,2.47,498.68,1201.83,200.21,99.18,151.2,49.48,303.45,76.58,1202.56,1153.34,14.72,999999998.2,72.65,8.08,0.77,64.53,70.55,41.12,1000.13,5.24,80.13,124.37,13.32,87.78,7.18,0.6,49.88,0.69,0.62,0.57,-1.01,-1.43,0.72,0.68,0.63,0.95,1.42,1.43,1.02,1.21,0.91,1.44,1.43,-1.03
15000.1,5.03,2.51,498.48,1203.36,198.63,99.69,153.01,48.86,302.99,78.57,1204.51,1151.76,14.4,999999997.7,72.5,9.6,0.78,65.78,71.98,41.78,998.48,6.58,81.65,123.33,14.23,88.11,7.2,0.6,49.16,0.68,1.42,1.43,1.02,1.21,0.91,1.44,1.43,-1.03,1.11,0.79,0.87,-1.31,1.36,-1.12,-1.29,-0.67
14999.22,4.97,2.51,496.71,1202.61,200.24,98.49,152.3,49.16,301.13,78.08,1202.68,1150.73,12.42,999999997.9,71.98,11.42,0.78,67.05,73.81,41.76,997.85,6.18,81.99,122.98,14.41,86.57,7.32,0.59,50.54,0.68,1.11,0.79,0.87,-1.31,1.36,-1.12,-1.29,-0.67,1.13,-1.33,-0.71,-0.51,-1.34,-1.23,1.4,0.72
14999.38,4.97,2.53,498.67,1203.09,201.21,97.69,152.82,49.22,301.89,78.16,1202.68,1149.59,13.92,999999997,71.63,11.18,0.78,68.41,73.41,41.25,997.06,6.54,81.14,122.67,14.18,88.22,7.25,0.6,51.4,0.69,1.13,-1.33,-0.71,-0.51,-1.34,-1.23,1.4,0.72,-0.82,-0.53,-0.85,0.68,-1.07,-0.92,-0.78,-0.5
14999.71,5.01,2.55,498.93,1203.06,203.05,97.4,153.12,47.24,303.36,76.75,1201.02,1150.73,14.82,999999995.9,71.37,12.35,0.77,66.92,73.79,41.57,995.79,6.44,80,123.97,15.68,86.56,7.29,0.59,50.48,0.69,-0.82,-0.53,-0.85,0.68,-1.07,-0.92,-0.78,-0.5,-1.35,-0.78,0.56,0.84,0.81,1.42,-0.72,1.45
14999.51,4.96,2.52,499.26,1204.58,202.43,99.09,153.21,48.75,304.31,74.76,1199.1,1150.09,12.86,999999997,70.82,10.45,0.76,65.49,73.18,41.86,997.46,4.63,81.37,125.09,16.95,85.26,7.22,0.6,51.07,0.68,-1.35,-0.78,0.56,0.84,0.81,1.42,-0.72,1.45,1.25,0.92,-1.25,-0.72,-1.14,-1.07,1.48,1.28
15000.76,4.95,2.48,501,1202.84,204.28,101.06,151.32,48.4,303.06,75.53,1197.11,1151.53,13.26,999999995.3,71.83,10.63,0.76,64.15,73.62,42.19,997.43,4.5,80.11,126.98,18.52,84.87,7.16,0.61,49.8,0.67,1.25,0.92,-1.25,-0.72,-1.14,-1.07,1.48,1.28,0.91,-0.77,0.77,-1.24,1,-1.38,-1.38,0.65
15002.3,4.95,2.51,500.87,1204.13,203.7,99.43,151.96,48.54,301.78,74.62,1195.33,1153.22,11.55,999999996.9,71.96,11.61,0.77,63.7,75.45,42.72,997.45,4.17,79.39,126.2,18.73,83.66,7.2,0.6,48.67,0.68,0.91,-0.77,0.77,-1.24,1,-1.38,-1.38,0.65,1,-0.97,1.19,-1.4,-1.29,-0.68,-0.62,-0.77
15000.82,4.97,2.55,502.19,1204.11,202.31,99.33,153.74,49.96,303.12,72.9,1195.01,1153.69,10.13,999999995.1,72.47,11.74,0.75,62.47,74.75,42.66,998.14,4.01,79.52,127.46,17.78,83.33,7.22,0.61,49.9,0.67,1,-0.97,1.19,-1.4,-1.29,-0.68,-0.62,-0.77,-0.61,1.19,-1.36,-0.74,-1.01,-1.27,0.84,0.54
15000.46,4.91,2.52,503.97,1202.16,202.76,101.09,154.34,50.65,304.86,73.76,1193.37,1155.25,8.18,999999995.1,71.91,11.23,0.76,62.31,75.29,42.9,997.19,2.62,79.96,129.11,18.9,84.89,7.07,0.6,51.45,0.68,-0.61,1.19,-1.36,-0.74,-1.01,-1.27,0.84,0.54,-1.22,-0.56,-0.64,-1.02,-0.6,-0.77,0.77,-1.12
15000.32,4.92,2.51,504.37,1203.54,203.35,101.9,152.36,49.17,305.89,72.29,1192.67,1156,6.96,999999996.6,70.95,11.87,0.75,61.03,75.61,42.82,995.38,3.33,78.69,129.29,19.94,86.61,7.15,0.61,52.18,0.68,-1.22,-0.56,-0.64,-1.02,-0.6,-0.77,0.77,-1.12,-0.82,-1.4,1.33,-0.75,-1.21,-1.25,1.36,1.25
14999.89,4.85,2.54,503.92,1205.37,202.96,101.22,154.13,47.72,306.2,72.76,1190.71,1155.72,8.4,999999997.2,70.75,11.81,0.77,61.27,77.18,43.49,993.95,1.65,79.62,128.68,18.51,88.07,7.05,0.59,53.96,0.67,-0.82,-1.4,1.33,-0.75,-1.21,-1.25,1.36,1.25,-1.37,1.49,1.08,-0.98,-0.97,-0.67,-0.6,-0.86
14999.38,4.78,2.55,504.17,1205.48,204.54,100.96,154.17,48.3,305.11,71.03,1190.31,1157.64,6.84,999999999,72.13,12.36,0.77,60.48,75.64,42.81,995.67,0.64,81.37,130.57,19.57,88.17,7.1,0.6,51.98,0.67,-1.37,1.49,1.08,-0.98,-0.97,-0.67,-0.6,-0.86,-1.45,-0.63,-1.06,-1.03,-1.06,-1.19,1.15,-0.69
14999.75,4.74,2.52,504.27,1205.58,202.91,99.57,155.95,48.73,307.01,72.2,1190.04,1158.38,5.69,999999998.3,71.95,12.21,0.77,62.11,75.22,42.28,995.32,-1.2,82.32,131.29,17.8,87.92,7.05,0.6,51.4,0.66,-1.45,-0.63,-1.06,-1.03,-1.06,-1.19,1.15,-0.69,-0.52,1.28,-1.02,1.39,-0.51,-0.95,-1.17,1.03
14998.62,4.74,2.49,505.24,1203.8,201.82,99.99,154.44,47.1,305.92,71.42,1189.57,1157.81,5.83,999999999.9,71.74,10.56,0.77,60.47,74.01,41.58,995.03,-1.93,81.66,129.6,18.11,87.95,7.17,0.6,51.48,0.65,-0.52,1.28,-1.02,1.39,-0.51,-0.95,-1.17,1.03,-0.94,-0.99,-1.16,-1.23,1.44,-0.7,-1.19,-1.33
14997.64,4.65,2.53,504.9,1202.87,202.22,98.51,154.46,48.39,304.39,73.07,1188.42,1156.53,7.01,1000000001,73.12,9.98,0.78,61.19,75.8,41.11,994.91,-1.22,80.72,130.68,16.82,88.09,7.04,0.6,51.96,0.67,-0.94,-0.99,-1.16,-1.23,1.44,-0.7,-1.19,-1.33,-0.67,-0.98,0.8,1.08,-0.82,0.71,-1.1,0.61
14997.93,4.64,2.49,504.41,1202.03,204.04,100.17,155.66,47.32,305.02,73.4,1187.79,1157.08,7.98,1000000001,71.69,10.62,0.78,60.7,75.28,41.91,994.05,-1.33,81.05,132.08,18.37,89.92,6.97,0.59,52.4,0.68,-0.67,-0.98,0.8,1.08,-0.82,0.71,-1.1,0.61,1.12,1.36,-1.47,0.66,0.93,1.47,-0.92,1.2
14998.73,4.66,2.5,505.04,1202.46,202.93,100.02,155.56,46.82,305.26,74.79,1189.01,1156.89,6.42,999999998.9,72.04,8.75,0.78,60.14,76.89,42.15,995.08,0.37,80.68,134.04,18.05,87.95,7.09,0.58,51.71,0.68,1.12,1.36,-1.47,0.66,0.93,1.47,-0.92,1.2,0.5,-1.12,0.57,0.76,1.16,-0.85,1.08,1.39
14998.6,4.68,2.51,504.63,1203.83,202.05,98.48,154.5,48.09,303.72,74.66,1187.67,1157.46,5.03,999999998,70.68,7.37,0.79,59.83,78.63,42.2,994.5,1.93,79.72,134.25,19.66,86.2,7.11,0.58,53.25,0.68,0.5,-1.12,0.57,0.76,1.16,-0.85,1.08,1.39,1.31,0.59,-1.29,0.94,-0.81,0.65,-0.77,-0.82
14998.77,4.64,2.51,506.61,1203.43,200.6,97.84,156.33,46.98,302.65,72.75,1188.63,1156.6,5.54,999999998.2,70.45,9.3,0.79,60.49,76.7,42.56,992.74,3.88,78.63,134.37,20.56,87.01,7.14,0.57,52.17,0.69,1.31,0.59,-1.29,0.94,-0.81,0.65,-0.77,-0.82,-0.61,1.46,-0.61,-0.66,1.05,-0.58,0.67,1
14998.98,4.6,2.48,507.14,1203.42,200.01,97.77,155.92,44.99,303.98,72.32,1189.27,1157.72,6.68,999999998,69.86,10.39,0.8,59.63,75.5,42.91,993.8,2.67,80.01,134.32,21.85,86.64,7.13,0.56,51.18,0.68,-0.61,1.46,-0.61,-0.66,1.05,-0.58,0.67,1,-0.55,0.56,1.35,-1.18,0.81,-0.64,-1.43,1.29
14998.88,4.62,2.51,508.53,1204.82,199.81,95.81,156.65,46.79,302.55,71.76,1190.46,1159.65,6.14,999999998.2,69.54,10.12,0.81,60.38,75.07,43.29,992.85,2.53,79.63,133.03,21.12,85.44,7.21,0.57,52.22,0.67,-0.55,0.56,1.35,-1.18,0.81,-0.64,-1.43,1.29,-0.97,-0.5,0.59,0.94,-1.01,0.89,1.25,1.32
14998.98,4.63,2.55,510.53,1204.74,201.33,94.19,156.29,45.24,304.55,71.1,1192.21,1159.84,5.37,999999997,70.02,10.57,0.82,60,76.24,43.52,994.58,0.82,78.28,131.59,21.19,87.35,7.32,0.56,53.72,0.68,-0.97,-0.5,0.59,0.94,-1.01,0.89,1.25,1.32,1.25,1.31,0.6,0.87,1.08,-1.33,0.99,0.83
14998.04,4.62,2.58,511.8,1206.28,201.44,93.19,157.58,43.36,304.74,72.88,1192.84,1158.44,6.53,999999997.7,70.61,11.78,0.83,59.01,76.01,43.54,994.57,0.5,77.55,131.37,19.92,85.41,7.35,0.56,52.4,0.67,1.25,1.31,0.6,0.87,1.08,-1.33,0.99,0.83,-0.56,1,0.72,1.18,0.65,0.54,-0.91,1.11
14999.76,4.66,2.53,510.28,1204.57,200.04,91.54,158.23,41.81,305.28,72.4,1190.93,1157.13,7.89,999999995.7,70.74,12.73,0.84,60.11,76.9,42.77,994.87,0.59,77.75,129.57,19.16,85.8,7.22,0.57,52.86,0.66,-0.56,1,0.72,1.18,0.65,0.54,-0.91,1.11,1.05,-1.25,1.1,1.25,-0.69,1.33,-0.79,0.98
14999.6,4.67,2.53,509.5,1204.5,198.27,92.51,157.32,41.63,304.81,71.96,1191.01,1158.43,9.85,999999994.1,71.44,13.08,0.83,59.24,78.47,42.77,993.63,1.89,79.39,130.17,19.25,85.62,7.25,0.57,53.69,0.65,1.05,-1.25,1.1,1.25,-0.69,1.33,-0.79,0.98,1.21,-1.47,-1.26,0.65,-0.78,-0.76,1.29,0.71
15001.01,4.65,2.53,508.41,1203.36,199.94,93.63,157.37,41.99,306.21,71.77,1191.12,1158.74,9.13,999999995.4,72.46,11.17,0.84,60.84,77.74,42.39,992.9,2.53,78.08,130.61,19.16,85.62,7.28,0.56,52.31,0.64,1.21,-1.47,-1.26,0.65,-0.78,-0.76,1.29,0.71,0.65,1.23,-1.16,-0.84,0.52,0.82,1.28,0.8
15002.52,4.71,2.52,507.79,1203.08,199.45,94.71,155.79,42.6,307.9,71.36,1189.88,1158.33,8.5,999999995.3,73.75,12.14,0.84,62,76.04,42.11,994.89,0.82,77.86,131.76,19.1,86.21,7.21,0.56,53.9,0.64,0.65,1.23,-1.16,-0.84,0.52,0.82,1.28,0.8,0.86,-0.66,-0.89,-0.8,-1.26,-1.15,-0.73,-1.39
15001.14,4.74,2.56,506.56,1203.36,197.85,94.02,157.36,43.71,305.92,70.67,1191.07,1159.94,9.45,999999995.1,74.45,10.26,0.84,62.43,74.53,42.73,994.73,-0.5,77.25,131.64,20.72,88.19,7.2,0.56,54.4,0.62,0.86,-0.66,-0.89,-0.8,-1.26,-1.15,-0.73,-1.39,0.76,1.12,-0.85,-0.96,0.79,-0.92,-0.54,0.97
14999.41,4.74,2.52,507.1,1201.54,196.85,95.77,157.55,42.52,304,70.31,1192.91,1159.2,7.82,999999993.1,74.79,11.58,0.83,62.66,74.89,42.56,993.78,-1.15,78.53,132.87,18.77,88.82,7.07,0.55,54.48,0.62,0.76,1.12,-0.85,-0.96,0.79,-0.92,-0.54,0.97,-1.29,-0.98,-0.97,-0.57,1.25,0.6,-0.79,-1.21
14998.79,4.68,2.56,506.88,1199.58,195.15,97.43,158.22,42.79,304.06,71.35,1193.8,1159.82,6.44,999999993.7,76.17,12.82,0.82,62.25,73.43,42.59,992.23,0.84,78.83,131.42,18.47,89.67,7,0.55,54.38,0.62,-1.29,-0.98,-0.97,-0.57,1.25,0.6,-0.79,-1.21,-1.39,-0.66,-1.12,-0.86,-1.02,-0.99,-0.99,-0.6
15000.62,4.69,2.6,506.7,1199.75,194.17,97.87,156.73,42.56,303.57,71.02,1195.63,1159.84,7.75,999999995.6,74.69,13.88,0.81,60.4,75.01,42.95,993.42,-0.49,78.54,131.41,18.11,90.47,7.09,0.54,54.78,0.61,-1.39,-0.66,-1.12,-0.86,-1.02,-0.99,-0.99,-0.6,0.87,1.49,-1.38,0.86,0.72,0.55,0.59,1.1
15002.47,4.65,2.64,505.23,1199.95,194.88,97.09,158.34,43.36,303.16,69.93,1194.28,1158.11,6.37,999999997,75.11,12.88,0.81,60.47,73.01,43.52,992.85,-0.25,79.23,131.96,19.18,90.95,7.04,0.54,53.57,0.61,0.87,1.49,-1.38,0.86,0.72,0.55,0.59,1.1,1.47,0.69,0.72,-1.09,-1.28,1,-1.4,-0.92
15000.83,4.7,2.67,506.72,1198.03,196.82,95.29,160,44.89,302.38,68.08,1193.3,1158.93,4.67,999999996.8,74.54,14.14,0.81,60.42,73.09,44.21,993.09,-0.56,78.94,131.91,20,92.87,6.99,0.54,54.54,0.62,1.47,0.69,0.72,-1.09,-1.28,1,-1.4,-0.92,-0.71,-1.07,0.78,0.85,-0.97,1.29,1.07,-1
15001.85,4.76,2.68,507.01,1199.31,196.3,97.11,159.66,43.67,302.98,67.79,1191.75,1160.24,2.73,999999995.5,74.83,14.27,0.82,61.71,72.43,43.45,994.34,-2.52,80.86,130.3,19.87,94.55,7.13,0.55,55.99,0.62,-0.71,-1.07,0.78,0.85,-0.97,1.29,1.07,-1,0.67,-1.3,-0.95,1.1,1.18,0.51,0.85,-0.65
15002.85,4.78,2.66,505.38,1198.79,196.46,95.77,158.43,43.24,304.11,69.1,1189.9,1162.01,1.95,999999993.6,76.05,13.06,0.82,62.44,70.7,43.57,992.4,-2.64,81.03,130.36,20.52,93.95,7.16,0.55,54.88,0.61,0.67,-1.3,-0.95,1.1,1.18,0.51,0.85,-0.65,1.43,-0.74,0.68,-1.32,1.46,0.72,-1.05,1.35
15004.69,4.85,2.67,504.27,1199.16,196.41,95.65,159.56,42.89,303.27,70.33,1189.32,1161,0.05,999999992.8,74.58,11.23,0.83,64.26,71.25,43.82,990.83,-4.17,81.72,128.43,20.9,94.85,7.07,0.55,55.16,0.62,1.43,-0.74,0.68,-1.32,1.46,0.72,-1.05,1.35,-0.85,-0.55,0.58,1.03,0.78,-1.34,1.17,1.39
15004.32,4.76,2.62,505.94,1200.8,197.62,95.49,157.59,44.09,303.85,68.36,1190.3,1162.04,1.48,999999990.8,73.61,11.1,0.84,64.79,72.62,44.66,989.37,-2.52,80.69,128.68,19.78,94.02,7.17,0.55,54.88,0.63,-0.85,-0.55,0.58,1.03,0.78,-1.34,1.17,1.39,-0.56,0.84,-1.04,0.9,1.1,0.78,0.61,-0.94
15002.64,4.77,2.58,506.72,1201.93,197.03,96.65,157.45,42.12,303.77,68,1190.4,1161.68,2.73,999999988.9,74.41,9.67,0.84,65.44,72.88,45.53,990.15,-0.55,80.96,128.18,20.36,94.74,7.09,0.54,56.35,0.62,-0.56,0.84,-1.04,0.9,1.1,0.78,0.61,-0.94,0.53,-1.16,-0.92,-1.09,-0.73,1.47,-1.04,0.9
15004.36,4.71,2.59,505.5,1202.82,197.72,95.88,159.09,42.16,303.91,66.85,1191.83,1163.67,4.63,999999987.9,75.69,11.22,0.85,66.48,72.3,45.86,988.29,-0.62,80.92,128.1,21.8,93.96,7.16,0.55,54.93,0.61,0.53,-1.16,-0.92,-1.09,-0.73,1.47,-1.04,0.9,-1.41,-1.06,1.46,0.76,-1.46,-1.44,0.89,0.65
15004.72,4.76,2.54,507.42,1204.15,199.04,97.8,159.41,44.1,305.55,67.77,1190.05,1163.79,3.2,999999986.3,76.63,12.44,0.85,66.28,73.5,45.35,989.45,1.06,80.97,126.46,21.55,91.96,7.06,0.55,53.05,0.6,-1.41,-1.06,1.46,0.76,-1.46,-1.44,0.89,0.65,1.49,-1.02,-1.11,1.44,-0.91,-1.14,-0.56,1.39
15006.54,4.83,2.5,506.94,1205.68,198.07,98.14,159.15,42.65,307.5,67.73,1189.87,1163.35,2.38,999999985.2,77.57,13.94,0.85,64.69,73.59,45.15,989.79,0.89,81.98,126.53,20.59,91.63,6.92,0.57,51.35,0.61,1.49,-1.02,-1.11,1.44,-0.91,-1.14,-0.56,1.39,0.84,-0.88,1.41,-1.34,-0.64,1.48,-0.78,0.94
15006.6,4.82,2.47,508.48,1204.97,199.19,99.44,158.02,44.03,309.49,66.76,1189.53,1164.21,1.12,999999983.6,76.74,13.25,0.85,66.29,73.06,44.32,988.49,2.63,81.21,125.2,19.75,93.08,6.96,0.58,51.42,0.61,0.84,-0.88,1.41,-1.34,-0.64,1.48,-0.78,0.94,0.53,-0.96,-1.37,0.86,0.9,-0.93,-0.77,-1.06
15004.61,4.8,2.5,507.74,1204.76,197.32,101.37,158.37,45.83,311.39,65.31,1190.67,1163.4,0.01,999999984.6,77.66,12.93,0.84,68.05,71.23,43.67,987.32,1.95,82.81,125.46,21.45,91.64,7.08,0.57,51.31,0.62,0.53,-0.96,-1.37,0.86,0.9,-0.93,-0.77,-1.06,-1.47,-1.46,1.01,-0.87,-1.14,-1.45,1.04,-0.82
15004.34,4.86,2.47,509.54,1203.49,197.32,103.37,159.63,45.33,310.29,63.34,1191.29,1163.51,1.56,999999983.8,76.55,13.05,0.84,68.88,72.62,43.8,988.45,2.57,81.25,127.35,21.45,93.62,7.04,0.56,50.73,0.61,-1.47,-1.46,1.01,-0.87,-1.14,-1.45,1.04,-0.82,-1.45,0.57,1.3,-1.27,-1.18,-1.48,1.29,0.9
15004.07,4.85,2.5,510.49,1204.58,198.47,103.56,158.22,45.66,308.35,61.47,1191.54,1164.73,1.39,999999984.7,75.29,12.48,0.83,70.73,73.13,43.13,986.94,4.38,80.45,128.66,22.6,94.46,6.91,0.56,49.35,0.61,-1.45,0.57,1.3,-1.27,-1.18,-1.48,1.29,0.9,-0.87,1.21,-0.72,1.37,0.76,0.67,-1.29,-0.89
15004.05,4.92,2.54,509,1203.51,197.45,104.62,159.9,45.43,309.09,60.37,1192.19,1162.85,0.47,999999986.2,75.73,13.73,0.82,70.52,73.98,43.56,986.26,4.84,78.68,130.19,24.45,93.84,7.03,0.56,48.66,0.62,-0.87,1.21,-0.72,1.37,0.76,0.67,-1.29,-0.89,-1.49,-1.36,-0.76,-0.9,1.17,1.37,0.99,-1.03
15003.12,5.01,2.56,510.13,1202.23,198.53,105.46,159.6,45.01,309.61,60.81,1193.77,1161.91,0,999999988.1,75.83,13.03,0.81,70.81,75.3,44.28,984.44,6.58,77.35,129,26.04,92.89,7.13,0.56,49.62,0.62,-1.49,-1.36,-0.76,-0.9,1.17,1.37,0.99,-1.03,-1.11,-1.37,-0.97,0.81,-1.35,-1.19,1.11,1.09
15003.71,4.95,2.61,508.78,1202.43,196.66,104.17,159.2,44.8,311.46,62.77,1193.19,1160.81,0.32,999999988.5,76.93,12.47,0.83,72.07,74.19,44.1,983.32,4.6,76.15,127.89,24.48,94.76,7.1,0.56,51.28,0.62,-1.11,-1.37,-0.97,0.81,-1.35,-1.19,1.11,1.09,1.48,1,0.51,0.55,1.07,-1.19,1.47,-0.68
15003.35,5.02,2.56,509.76,1204.31,194.82,105.71,160.91,46.22,311.07,62.97,1191.82,1160.29,0.34,999999987.1,77.32,11.41,0.81,72.79,72.21,43.84,982.58,3.05,76.66,127.53,25.86,95.75,7.01,0.56,52.69,0.63,1.48,1,0.51,0.55,1.07,-1.19,1.47,-0.68,-1,0.51,1.33,-1.07,-0.83,1.01,0.66,0.54
15003.95,5.12,2.54,509.06,1202.47,194.52,104.6,160.39,45.28,313,62.93,1190.65,1161.65,0.01,999999988.9,77.42,10.11,0.82,74.29,71.13,43.59,983.94,4.51,75.15,128.48,26.6,95.81,6.98,0.56,52.98,0.64,-1,0.51,1.33,-1.07,-0.83,1.01,0.66,0.54,-1.33,-1.02,-0.56,0.7,-1.27,-1.04,1.03,-1.37
15002.31,5.02,2.49,508.01,1200.98,193.15,106.49,161.25,44.38,312.25,62.05,1190.48,1163.46,-1.52,999999987.7,78.72,9.96,0.82,75.57,72.12,42.89,982.87,3.77,75.31,130.09,25.44,94.8,6.89,0.55,54.14,0.64,-1.33,-1.02,-0.56,0.7,-1.27,-1.04,1.03,-1.37,-0.59,-1.29,-0.61,0.81,0.65,-0.94,-1,-0.8
15000.71,5.06,2.53,507.67,1200.23,193.86,104.78,162.16,44.41,314.04,60.95,1189.2,1163.88,-1.27,999999986.6,78.77,9.04,0.82,75.13,71.5,43.23,983.31,4.34,77.24,129.68,24.07,94.39,6.8,0.54,52.17,0.64,-0.59,-1.29,-0.61,0.81,0.65,-0.94,-1,-0.8,0.69,0.84,-1.11,0.73,-1.02,-1.34,-0.65,-1.49
15000.14,5.06,2.54,507.35,1201.53,194.48,106.3,161.05,45.26,315.41,62.48,1189.06,1165.62,-2.29,999999987.8,78.81,8.88,0.81,75.77,73.25,43.24,982.91,3.45,77.52,129.18,24.37,94.76,6.81,0.54,53.25,0.64,0.69,0.84,-1.11,0.73,-1.02,-1.34,-0.65,-1.49,1.37,1.07,0.81,-1.1,-1.22,0.6,-0.58,-1.18
15000.89,5.13,2.57,507.64,1200.67,196.04,105.49,159.19,45.3,314.43,60.89,1187.43,1164.16,-2.37,999999988.5,79.64,7.04,0.81,73.87,74.73,43.39,983.55,3.2,75.76,128.02,24.65,96.52,6.83,0.54,53.66,0.65,1.37,1.07,0.81,-1.1,-1.22,0.6,-0.58,-1.18,-0.77,1.34,-1.12,0.98,-1.4,0.85,1.05,-1.34
15000.15,5.04,2.57,505.88,1200.86,194.97,106.89,158.35,46.03,314.69,59.88,1186.64,1165.91,-1.42,999999987,78.28,7.66,0.8,73.02,74.63,43.05,983.03,4.96,77.73,128.99,23.14,97.47,6.75,0.55,52.71,0.66,-0.77,1.34,-1.12,0.98,-1.4,0.85,1.05,-1.34,1.18,1.08,0.96,-1.34,-1.32,0.81,0.89,-0.89
15000.45,4.97,2.59,507.04,1201.72,196.53,107.61,158.74,45.75,314.59,59.07,1185.02,1167.74,-0.62,999999985.5,77.2,7.53,0.81,72.37,76.05,42.35,983.51,4.53,78.55,129.88,21.91,98.6,6.69,0.56,54.41,0.67,1.18,1.08,0.96,-1.34,-1.32,0.81,0.89,-0.89,-1.09,1.2,1.17,1.02,-1.39,1.32,1.37,0.72
14999.72,4.91,2.58,507.85,1201.57,196.56,107.38,158.88,45.8,312.92,57.33,1183.21,1169.4,-1.82,999999985.8,75.81,6.06,0.83,71.72,76.14,42.36,984.82,5.96,76.58,130.1,20.41,98.63,6.58,0.56,55.92,0.66,-1.09,1.2,1.17,1.02,-1.39,1.32,1.37,0.72,-1.46,-0.96,0.68,-1.19,-1.43,-0.9,-1.35,-1.42
14998.77,4.92,2.63,508.95,1199.79,196.68,107.13,159.69,43.81,314.12,58.68,1184.05,1168.99,-2.55,999999985.1,76.64,4.41,0.83,73.69,74.25,42.04,985.77,7.38,75.37,131.53,20.31,96.74,6.63,0.55,55.01,0.67,-1.46,-0.96,0.68,-1.19,-1.43,-0.9,-1.35,-1.42,-0.69,-0.91,0.82,-1.26,-0.75,0.82,-0.93,0.79
14997.51,4.82,2.67,507.07,1198.61,197.1,106.51,160.93,45.74,313.03,59.34,1182.75,1167.59,-2.37,999999983.2,78.15,3.18,0.84,72.14,74.81,41.63,984.99,8.14,75.14,132.39,20.83,95.24,6.72,0.56,53.79,0.67,-0.69,-0.91,0.82,-1.26,-0.75,0.82,-0.93,0.79,0.85,-0.66,1.2,-1.13,0.54,-0.81,-1.46,1.42
14995.91,4.84,2.72,505.54,1198.79,197.47,104.94,159.16,44.81,314.48,60.4,1181.34,1167.64,-0.58,999999981.7,77.94,4.54,0.84,73.24,73.95,42.26,986.4,9.94,73.29,133.82,19.97,95.88,6.82,0.55,51.85,0.66,0.85,-0.66,1.2,-1.13,0.54,-0.81,-1.46,1.42,0.7,1.23,0.74,-1.06,0.55,-1.3,-0.54,0.84
14997.5,4.81,2.76,507.31,1198.29,198.96,106.37,157.28,43.08,314.49,62.07,1182.42,1169.05,0.35,999999980.3,76.81,5.55,0.85,72.22,74.14,42.9,988.35,10.69,72.16,135.29,18.39,96.12,6.78,0.56,50.12,0.65,0.7,1.23,0.74,-1.06,0.55,-1.3,-0.54,0.84,-0.61,0.76,-0.85,-0.94,1.46,0.97,0.99,0.97
14997.9,4.87,2.77,506.38,1197.64,198.82,108.09,156.43,41.32,314.98,61.08,1181.9,1169.68,-0.4,999999979,76.23,5.91,0.86,71.13,76.14,43.66,986.43,10.77,72.63,136.24,18.17,97.02,6.71,0.55,51.5,0.65,-0.61,0.76,-0.85,-0.94,1.46,0.97,0.99,0.97,1.29,0.88,-1.44,1.11,0.8,1.31,0.99,-0.95
14996.18,4.79,2.77,508.09,1197.16,200.41,106.8,154.58,40.2,313.59,60.63,1179.95,1170.44,-1.5,999999978.7,76.75,7.23,0.85,71.87,74.68,43.74,984.8,11.84,71.37,136.51,18.67,96.55,6.7,0.56,53.38,0.65,1.29,0.88,-1.44,1.11,0.8,1.31,0.99,-0.95,-0.9,1.14,-0.93,-0.51,-0.53,1.45,-1.36,1.09
14995.54,4.71,2.72,506.58,1197.83,198.93,106.5,155.87,41.8,312.68,61.71,1181.05,1171.03,-3,999999977.2,75.4,5.31,0.84,73.23,73.28,43.65,984.13,10.01,72.12,136.05,18.05,96.27,6.67,0.56,52.48,0.66,-0.9,1.14,-0.93,-0.51,-0.53,1.45,-1.36,1.09,0.74,1.04,1.36,-0.86,-1,0.92,0.6,-0.9
14996.33,4.75,2.7,506.5,1198.98,198.72,108.4,155.97,42.79,311.11,62.14,1179.11,1171.93,-4.81,999999976.9,75.07,3.46,0.84,71.75,72.43,44.45,985.49,8.81,72.9,135.12,16.3,94.85,6.74,0.56,50.51,0.66,0.74,1.04,1.36,-0.86,-1,0.92,0.6,-0.9,-0.57,0.83,1.15,1.29,-0.92,1.38,-0.99,-0.68
14995.18,4.76,2.69,507.69,1199.24,197.24,106.49,154.4,43.79,312.08,62.8,1180.24,1173.11,-5.27,999999975.9,74.2,2.99,0.85,71.39,71.01,44.67,984.07,8.24,72.49,134.21,16,93.56,6.63,0.57,49.51,0.66,-0.57,0.83,1.15,1.29,-0.92,1.38,-0.99,-0.68,-1.03,-0.55,1,0.66,1.35,1.18,1.18,1.46
14996.73,4.71,2.74,507.53,1198.11,197.71,105.65,152.58,41.93,311.19,61.19,1178.67,1171.91,-3.77,999999974.2,74.56,2.57,0.85,70.16,69.8,44.09,983.39,9.94,72.32,135.96,15.23,95.48,6.64,0.57,48,0.65,-1.03,-0.55,1,0.66,1.35,1.18,1.18,1.46,-0.99,1.14,1.38,0.78,-1.07,1.44,-1.5,-0.9
14995.96,4.63,2.69,509.16,1196.4,196.76,104.88,153.58,42.84,309.77,62.22,1177.17,1173.25,-5.44,999999972.5,75.19,3.92,0.86,68.82,67.95,44.56,984.18,8.54,70.99,137.05,16.9,93.69,6.64,0.57,46.3,0.66,-0.99,1.14,1.38,0.78,-1.07,1.44,-1.5,-0.9,0.89,0.6,-1.3,-1.27,1.47,-0.76,-0.8,-1.48
14995.67,4.7,2.71,508.01,1197.53,195.03,103.94,154.03,44.63,311.67,63.04,1175.86,1173.5,-6.6,999999972.3,74.83,1.98,0.86,67.26,66.89,43.77,982.99,10.45,72.03,136.51,15.6,94.38,6.75,0.57,44.59,0.66,0.89,0.6,-1.3,-1.27,1.47,-0.76,-0.8,-1.48,1.37,-0.51,-1.4,-1.48,1.13,1.15,-0.98,1.5
14995.07,4.74,2.74,509.64,1197.73,194.63,103.36,152.63,46.5,313.34,62.66,1176.3,1173.56,-7.62,999999972.9,74.08,2.21,0.85,68.49,65.65,43.86,982.78,12.37,71.61,136.5,16.9,94.42,6.82,0.57,42.89,0.66,1.37,-0.51,-1.4,-1.48,1.13,1.15,-0.98,1.5,0.59,0.55,0.78,0.54,0.74,0.95,-0.78,-0.7
14994.17,4.75,2.78,510.51,1197.82,194.43,101.98,151,46.88,312.7,63.42,1174.56,1174.41,-5.89,999999974.1,74.77,1.49,0.85,68.81,67.5,43.19,983.22,12.34,73,136.39,17.13,95.67,6.84,0.58,41.19,0.65,0.59,0.55,0.78,0.54,0.74,0.95,-0.78,-0.7,1.41,0.66,-1.1,-0.66,-0.62,1.3,-1.17,0.93
14995.35,4.8,2.78,511.54,1197.58,193.72,101.34,149.39,47.16,311.74,63.59,1175.64,1176.4,-7.02,999999975,76.12,1.64,0.86,68.86,68.06,43.03,983.99,10.74,72.94,136.35,17.25,95.15,6.78,0.59,42.27,0.66,1.41,0.66,-1.1,-0.66,-0.62,1.3,-1.17,0.93,0.88,-1.42,1.01,-1.46,-0.92,-1.29,-1.29,-1.15
14994.6,4.74,2.76,511.6,1196.08,193.71,101.54,151.19,46.8,310.42,64.39,1174.14,1175.69,-5.74,999999974.8,74.89,-0.18,0.87,70.71,68.8,42.58,983.32,11.05,74.76,138.14,15.49,94.63,6.85,0.58,42.99,0.65,0.88,-1.42,1.01,-1.46,-0.92,-1.29,-1.29,-1.15,-0.71,1.25,-1.31,1.22,0.97,-0.65,-1.22,0.61
14992.69,4.81,2.79,511.72,1197.51,195.54,100.41,151.4,45.75,308.51,66.21,1174.98,1173.88,-5.75,999999974.7,75.72,0.03,0.86,69.46,66.89,42.21,982.51,12.72,74.3,137.98,16.73,96.45,6.8,0.59,42.84,0.67,-0.71,1.25,-1.31,1.22,0.97,-0.65,-1.22,0.61,-1.5,0.74,-1.48,1.27,1.46,1.34,1.05,-0.69
14991.94,4.88,2.75,510.4,1198.52,194.4,100.22,150.93,46.03,307.05,68.17,1176.54,1173.72,-7.56,999999975.8,74.54,0.15,0.87,70.85,66.18,41.78,981.17,13.72,73.61,139.74,17.28,97.53,6.69,0.6,42.61,0.67,-1.5,0.74,-1.48,1.27,1.46,1.34,1.05,-0.69,0.5,-0.55,-1.31,1.04,0.54,1.38,-1.33,-1.2
14990.01,4.86,2.76,511.61,1198.06,194.85,100.79,149.73,47.97,308.87,67.72,1178.37,1172.65,-7.39,999999976.8,75.75,2.05,0.88,70.81,67.24,42.21,981.36,14.29,72.15,140.53,16.18,98.35,6.78,0.59,40.88,0.69,0.5,-0.55,-1.31,1.04,0.54,1.38,-1.33,-1.2,0.71,-0.67,-1.31,1.24,-1.29,-1.25,-0.65,1.44
14991.32,4.81,2.76,513.57,1199.23,195.33,99.99,149.64,49,309.52,69.24,1176.43,1171.86,-7.34,999999977.5,76.08,1.18,0.9,69.93,69.08,42.28,982.28,15.17,73.91,141.66,14.46,97.24,6.87,0.58,39.6,0.69,0.71,-0.67,-1.31,1.24,-1.29,-1.25,-0.65,1.44,-1.18,-1.28,0.51,1.08,0.92,-1.26,1.04,-1.45
14990.91,4.74,2.71,513.21,1197.71,196.99,101.9,151.15,49.66,308.5,68.59,1176.96,1171.7,-6.22,999999977.1,76.23,1.31,0.89,70.95,67.92,42.06,982.63,14.64,73.26,142.11,13.46,98.81,6.75,0.59,37.81,0.7,-1.18,-1.28,0.51,1.08,0.92,-1.26,1.04,-1.45,-1,0.69,-1.09,-0.82,-1.18,1.45,-1.26,1.19
14990.96,4.8,2.74,512.67,1199.59,197.31,102.52,150.23,49.93,306.58,68.82,1178.16,1170.8,-4.7,999999978.4,76.36,0.54,0.88,69.34,69.28,42.81,981.27,12.9,74.64,140.34,14.11,99.05,6.81,0.59,39.08,0.71,-1,0.69,-1.09,-0.82,-1.18,1.45,-1.26,1.19,-1.01,1.26,1.35,-1.35,0.62,1.39,0.86,-1.07
14990.35,4.72,2.7,512.25,1197.99,196.85,102.98,150.72,48.84,307.14,70.04,1176.43,1170.27,-4.75,999999978.3,76.37,-0.23,0.88,70.58,69.45,43.6,981.61,12.37,73.92,139.95,12.7,100.87,6.86,0.6,39.19,0.71,-1.01,1.26,1.35,-1.35,0.62,1.39,0.86,-1.07,-1.19,1.38,-1.43,0.72,1.32,-0.94,1.36,-0.94
14989.78,4.73,2.68,512.17,1196.34,197.17,103.61,152.6,46.87,307.64,69.25,1177.5,1169.11,-2.89,999999978.4,76.16,-1.61,0.87,71.12,70.08,43.98,983.27,14.11,75.03,140.87,12.99,101.32,6.79,0.61,40.37,0.7,-1.19,1.38,-1.43,0.72,1.32,-0.94,1.36,-0.94,-0.52,1.25,-0.95,0.58,0.88,-0.57,1.24,-0.58
14988.76,4.73,2.67,510.35,1198.11,198.71,102.42,153.12,47.8,307.07,67.76,1177.03,1167.14,-2.94,999999977.5,75.42,-2.31,0.86,71.1,68.71,44.64,982.3,12.63,73.5,142.03,12.46,101.33,6.68,0.6,41.68,0.7,-0.52,1.25,-0.95,0.58,0.88,-0.57,1.24,-0.58,-0.73,0.73,-0.79,-1.28,-0.83,-0.87,0.83,1.02
14988.81,4.82,2.64,510.95,1198.38,200.1,100.95,153.07,48.26,307.08,66.85,1178.53,1165.4,-1.2,999999976.4,75.17,-1.62,0.87,72.23,70.56,45.2,981.61,13.07,74.77,140.13,11.35,100.25,6.65,0.6,39.91,0.69,-0.73,0.73,-0.79,-1.28,-0.83,-0.87,0.83,1.02,0.98,-1.11,0.59,-0.98,-1.46,0.67,-1.29,1.04
14988.87,4.77,2.69,510.62,1199.5,201.24,99.52,153.62,47.98,307.66,65.15,1177.99,1163.78,-2.63,999999977.3,75.01,-0.88,0.87,71.41,71.28,44.81,983.05,13.91,75.01,141.35,12.05,98.99,6.7,0.6,40.23,0.7,0.98,-1.11,0.59,-0.98,-1.46,0.67,-1.29,1.04,0.7,1.04,-0.95,-0.76,-0.5,-0.95,-1.29,-0.74
14987.87,4.7,2.7,511.09,1198.58,199.93,98.51,152.05,49.01,308.27,65.82,1177.35,1165.43,-2.79,999999977.9,74.6,0.58,0.86,71.62,71.28,45.19,981.18,13.52,75.15,141.75,11.95,98.97,6.81,0.6,39.59,0.7,0.7,1.04,-0.95,-0.76,-0.5,-0.95,-1.29,-0.74,-0.89,0.62,-1.32,1.31,-1.3,1.4,-0.95,-1.1
14987.49,4.67,2.71,509.91,1197.26,199.75,98.49,150.08,49.17,309.25,67.12,1178.34,1167.41,-2.96,999999977,74.36,0.26,0.86,73.12,72.43,45.96,979.27,14.01,75.72,141.55,10.71,99.47,6.77,0.6,38.49,0.68,-0.89,0.62,-1.32,1.31,-1.3,1.4,-0.95,-1.1,-0.93,0.71,-0.82,1.47,-1.29,0.71,1.31,0.72
14987.79,4.71,2.76,511.83,1198.09,200.59,99.14,150.71,47.36,307.83,68.43,1179.7,1168.02,-2.53,999999978.5,74.08,-1.53,0.86,71.97,70.96,46.72,979.65,13.83,76.26,141.94,11.13,99.87,6.68,0.59,36.77,0.68,-0.93,0.71,-0.82,1.47,-1.29,0.71,1.31,0.72,-1.25,-1.23,-1.09,-1.49,-0.93,-0.56,-0.59,0.64
14988.9,4.7,2.73,511.93,1197.28,200.94,98.99,151.6,46.35,308.24,68.01,1179.5,1168.15,-2.96,999999977,74.72,-1.43,0.86,73.05,69.96,46.01,977.92,13.03,78.1,140.96,12.28,101.57,6.63,0.58,36.48,0.68,-1.25,-1.23,-1.09,-1.49,-0.93,-0.56,-0.59,0.64,-0.63,-0.92,1.4,-1.44,0.82,1.39,-1.35,1.48
14988.39,4.71,2.71,510.68,1197.6,199.24,100.07,150.43,48.13,309.99,67.76,1178.43,1166.51,-4.95,999999977.5,75.34,-0.96,0.84,73.22,69.63,46.49,976.93,11.4,80.04,139.48,12.55,103.16,6.72,0.59,37.09,0.68,-0.63,-0.92,1.4,-1.44,0.82,1.39,-1.35,1.48,0.74,-1.28,0.59,-1.49,-0.74,-0.86,-1.17,0.79
14986.91,4.75,2.72,509.48,1196.29,199.85,100.25,150.31,48.4,311.6,66.48,1177.9,1167.53,-3.84,999999976.4,75.21,-2.11,0.85,72.1,69.15,46.01,975.99,11.26,79.39,140.79,11.66,103.41,6.82,0.59,37.33,0.68,0.74,-1.28,0.59,-1.49,-0.74,-0.86,-1.17,0.79,-1.13,-0.82,0.7,1.07,1.38,-1.12,1.26,1.48
14988.34,4.69,2.68,509.26,1196.66,199.04,100.7,148.58,46.47,310.3,67.1,1177.99,1167.2,-4.99,999999974.7,74.12,-1.32,0.87,73.02,67.9,46.48,976.63,10.33,77.58,142.64,11.39,102.31,6.92,0.6,35.34,0.67,-1.13,-0.82,0.7,1.07,1.38,-1.12,1.26,1.48,-0.55,-1.1,-0.52,0.93,-0.99,-0.56,-1.3,-0.99
14989.36,4.63,2.7,511.05,1198.18,197.05,98.76,147.98,47.73,310.84,65.83,1179.03,1165.66,-6.15,999999974.2,73.28,0.57,0.88,73.7,68.52,45.96,978.53,10.7,76.05,142.9,12.93,103.23,6.86,0.59,35.61,0.69,-0.55,-1.1,-0.52,0.93,-0.99,-0.56,-1.3,-0.99,0.67,-1.35,0.74,1.45,-1.03,0.81,-1.42,-0.58
14988.72,4.7,2.71,511.61,1200.11,198.35,98.75,147.02,48.84,312.8,66.21,1178.46,1165.63,-4.47,999999972.3,73.87,1.61,0.89,73.25,69.32,46.31,980.41,9.62,76.27,143.84,13.67,102.13,6.92,0.6,37.01,0.68,0.67,-1.35,0.74,1.45,-1.03,0.81,-1.42,-0.58,-0.58,-1.41,-1.15,-1.32,1.14,-1.43,-1.47,-1.03
14988.72,4.77,2.65,513.04,1200.51,198.67,100.29,145.42,47.7,311.84,67.52,1177.4,1165.24,-5.21,999999970.7,72.53,2.19,0.88,72.44,69.46,47.17,982.29,9.18,75.17,143,13.79,103.27,7,0.6,37.39,0.68,-0.58,-1.41,-1.15,-1.32,1.14,-1.43,-1.47,-1.03,1.37,-1.39,1.44,-1.27,-1.02,0.76,-1.31,-1.31
14989.74,4.77,2.69,513.57,1200.65,197.46,99.78,146.37,48.46,313.62,68.2,1175.79,1166.9,-4.53,999999970.4,73.11,1.03,0.89,73.62,69.17,46.24,983.24,8.89,74.36,142.82,13.94,103.84,7,0.6,36.95,0.67,1.37,-1.39,1.44,-1.27,-1.02,0.76,-1.31,-1.31,1.08,1.46,-1.22,1.36,0.62,-0.77,-1.42,0.8
14988.14,4.77,2.69,512.54,1199.81,197.34,101.52,147.29,50.32,313.81,69.81,1175.59,1165.04,-5.07,999999969.3,73.3,1.32,0.88,74.65,70.32,46.24,983.25,9.41,75.12,142.99,15.9,103.78,6.92,0.6,37.12,0.67,1.08,1.46,-1.22,1.36,0.62,-0.77,-1.42,0.8,-0.73,1.34,-0.68,0.57,-1.05,0.95,1.31,0.79
14986.23,4.84,2.72,512.92,1199.3,197.46,100.29,147.12,50.94,313.01,68.5,1175.93,1166.91,-4.57,999999970.1,72.55,-0.39,0.89,76.63,71.02,45.62,981.53,9.49,75.33,141.52,15.17,105.15,6.93,0.6,38.91,0.68,-0.73,1.34,-0.68,0.57,-1.05,0.95,1.31,0.79,-0.96,0.77,-0.66,0.64,-0.91,-0.97,0.54,-1.37
